artifact_id,text,evidence_type,timestamp,gold_controls,gold_rationale,auditor_id
2000,Multiple failed logins from 10.0.5.12 to auth-service; account svc-app not locked after 5 attempts.,log,2025-09-15T09:00:00Z,AC-7;AU-6,Lockout threshold not enforced; correlated via audit review ⇒ AC-7; AU-6.,1
2001,S3 bucket finance-archive not encrypted at rest; KMS key reused across apps.,config,2025-09-15T09:03:00Z,SC-28;SC-12,At-rest encryption and key management gaps ⇒ SC-28; SC-12.,2
2002,NTP drift 62s on db-01; not synced to authoritative time source.,log,2025-09-15T09:06:00Z,AU-8,Clock drift jeopardizes timestamp integrity ⇒ AU-8.,3
2003,API gateway rate limiting disabled; prior DDoS impacted availability.,log,2025-09-15T09:09:00Z,SC-5;SC-7,DoS protection missing; boundary controls implicated ⇒ SC-5; SC-7.,4
2004,TLS disabled on api-gateway; HTTP allowed; weak ciphers TLS_RSA_WITH_3DES_EDE_CBC_SHA.,config,2025-09-15T09:12:00Z,SC-8;SC-13,Insecure transport and crypto configuration ⇒ SC-8; SC-13.,5
2005,Change deployed to prod without approval link; emergency process not documented.,ticket,2025-09-15T09:15:00Z,CM-3;SA-11,Change control and testing gaps ⇒ CM-3; SA-11.,6
2006,Multiple failed logins from 10.0.5.12 to auth-service; account svc-app not locked after 5 attempts.,log,2025-09-15T09:18:00Z,AC-7;AU-6,Lockout threshold not enforced; correlated via audit review ⇒ AC-7; AU-6.,7
2007,S3 bucket finance-archive not encrypted at rest; KMS key reused across apps.,config,2025-09-15T09:21:00Z,SC-28;SC-12,At-rest encryption and key management gaps ⇒ SC-28; SC-12.,8
2008,NTP drift 62s on db-01; not synced to authoritative time source.,log,2025-09-15T09:24:00Z,AU-8,Clock drift jeopardizes timestamp integrity ⇒ AU-8.,9
2009,API gateway rate limiting disabled; prior DDoS impacted availability.,log,2025-09-15T09:27:00Z,SC-5;SC-7,DoS protection missing; boundary controls implicated ⇒ SC-5; SC-7.,10
2010,TLS disabled on api-gateway; HTTP allowed; weak ciphers TLS_RSA_WITH_3DES_EDE_CBC_SHA.,config,2025-09-15T09:30:00Z,SC-8;SC-13,Insecure transport and crypto configuration ⇒ SC-8; SC-13.,11
2011,Change deployed to prod without approval link; emergency process not documented.,ticket,2025-09-15T09:33:00Z,CM-3;SA-11,Change control and testing gaps ⇒ CM-3; SA-11.,12
2012,Multiple failed logins from 10.0.5.12 to auth-service; account svc-app not locked after 5 attempts.,log,2025-09-15T09:36:00Z,AC-7;AU-6,Lockout threshold not enforced; correlated via audit review ⇒ AC-7; AU-6.,13
2013,S3 bucket finance-archive not encrypted at rest; KMS key reused across apps.,config,2025-09-15T09:39:00Z,SC-28;SC-12,At-rest encryption and key management gaps ⇒ SC-28; SC-12.,14
2014,NTP drift 62s on db-01; not synced to authoritative time source.,log,2025-09-15T09:42:00Z,AU-8,Clock drift jeopardizes timestamp integrity ⇒ AU-8.,15
2015,API gateway rate limiting disabled; prior DDoS impacted availability.,log,2025-09-15T09:45:00Z,SC-5;SC-7,DoS protection missing; boundary controls implicated ⇒ SC-5; SC-7.,16
2016,TLS disabled on api-gateway; HTTP allowed; weak ciphers TLS_RSA_WITH_3DES_EDE_CBC_SHA.,config,2025-09-15T09:48:00Z,SC-8;SC-13,Insecure transport and crypto configuration ⇒ SC-8; SC-13.,17
2017,Change deployed to prod without approval link; emergency process not documented.,ticket,2025-09-15T09:51:00Z,CM-3;SA-11,Change control and testing gaps ⇒ CM-3; SA-11.,18
2018,Multiple failed logins from 10.0.5.12 to auth-service; account svc-app not locked after 5 attempts.,log,2025-09-15T09:54:00Z,AC-7;AU-6,Lockout threshold not enforced; correlated via audit review ⇒ AC-7; AU-6.,19
2019,S3 bucket finance-archive not encrypted at rest; KMS key reused across apps.,config,2025-09-15T09:57:00Z,SC-28;SC-12,At-rest encryption and key management gaps ⇒ SC-28; SC-12.,20
2020,NTP drift 62s on db-01; not synced to authoritative time source.,log,2025-09-15T10:00:00Z,AU-8,Clock drift jeopardizes timestamp integrity ⇒ AU-8.,21
2021,API gateway rate limiting disabled; prior DDoS impacted availability.,log,2025-09-15T10:03:00Z,SC-5;SC-7,DoS protection missing; boundary controls implicated ⇒ SC-5; SC-7.,22
2022,TLS disabled on api-gateway; HTTP allowed; weak ciphers TLS_RSA_WITH_3DES_EDE_CBC_SHA.,config,2025-09-15T10:06:00Z,SC-8;SC-13,Insecure transport and crypto configuration ⇒ SC-8; SC-13.,23
2023,Change deployed to prod without approval link; emergency process not documented.,ticket,2025-09-15T10:09:00Z,CM-3;SA-11,Change control and testing gaps ⇒ CM-3; SA-11.,24
2024,Multiple failed logins from 10.0.5.12 to auth-service; account svc-app not locked after 5 attempts.,log,2025-09-15T10:12:00Z,AC-7;AU-6,Lockout threshold not enforced; correlated via audit review ⇒ AC-7; AU-6.,25
2025,S3 bucket finance-archive not encrypted at rest; KMS key reused across apps.,config,2025-09-15T10:15:00Z,SC-28;SC-12,At-rest encryption and key management gaps ⇒ SC-28; SC-12.,26
2026,NTP drift 62s on db-01; not synced to authoritative time source.,log,2025-09-15T10:18:00Z,AU-8,Clock drift jeopardizes timestamp integrity ⇒ AU-8.,27
2027,API gateway rate limiting disabled; prior DDoS impacted availability.,log,2025-09-15T10:21:00Z,SC-5;SC-7,DoS protection missing; boundary controls implicated ⇒ SC-5; SC-7.,28
2028,TLS disabled on api-gateway; HTTP allowed; weak ciphers TLS_RSA_WITH_3DES_EDE_CBC_SHA.,config,2025-09-15T10:24:00Z,SC-8;SC-13,Insecure transport and crypto configuration ⇒ SC-8; SC-13.,29
2029,Change deployed to prod without approval link; emergency process not documented.,ticket,2025-09-15T10:27:00Z,CM-3;SA-11,Change control and testing gaps ⇒ CM-3; SA-11.,30
2030,Multiple failed logins from 10.0.5.12 to auth-service; account svc-app not locked after 5 attempts.,log,2025-09-15T10:30:00Z,AC-7;AU-6,Lockout threshold not enforced; correlated via audit review ⇒ AC-7; AU-6.,31
2031,S3 bucket finance-archive not encrypted at rest; KMS key reused across apps.,config,2025-09-15T10:33:00Z,SC-28;SC-12,At-rest encryption and key management gaps ⇒ SC-28; SC-12.,32
2032,NTP drift 62s on db-01; not synced to authoritative time source.,log,2025-09-15T10:36:00Z,AU-8,Clock drift jeopardizes timestamp integrity ⇒ AU-8.,33
2033,API gateway rate limiting disabled; prior DDoS impacted availability.,log,2025-09-15T10:39:00Z,SC-5;SC-7,DoS protection missing; boundary controls implicated ⇒ SC-5; SC-7.,34
2034,TLS disabled on api-gateway; HTTP allowed; weak ciphers TLS_RSA_WITH_3DES_EDE_CBC_SHA.,config,2025-09-15T10:42:00Z,SC-8;SC-13,Insecure transport and crypto configuration ⇒ SC-8; SC-13.,35
2035,Change deployed to prod without approval link; emergency process not documented.,ticket,2025-09-15T10:45:00Z,CM-3;SA-11,Change control and testing gaps ⇒ CM-3; SA-11.,36
2036,Multiple failed logins from 10.0.5.12 to auth-service; account svc-app not locked after 5 attempts.,log,2025-09-15T10:48:00Z,AC-7;AU-6,Lockout threshold not enforced; correlated via audit review ⇒ AC-7; AU-6.,37
2037,S3 bucket finance-archive not encrypted at rest; KMS key reused across apps.,config,2025-09-15T10:51:00Z,SC-28;SC-12,At-rest encryption and key management gaps ⇒ SC-28; SC-12.,38
2038,NTP drift 62s on db-01; not synced to authoritative time source.,log,2025-09-15T10:54:00Z,AU-8,Clock drift jeopardizes timestamp integrity ⇒ AU-8.,39
2039,API gateway rate limiting disabled; prior DDoS impacted availability.,log,2025-09-15T10:57:00Z,SC-5;SC-7,DoS protection missing; boundary controls implicated ⇒ SC-5; SC-7.,40
2040,TLS disabled on api-gateway; HTTP allowed; weak ciphers TLS_RSA_WITH_3DES_EDE_CBC_SHA.,config,2025-09-15T11:00:00Z,SC-8;SC-13,Insecure transport and crypto configuration ⇒ SC-8; SC-13.,41
2041,Change deployed to prod without approval link; emergency process not documented.,ticket,2025-09-15T11:03:00Z,CM-3;SA-11,Change control and testing gaps ⇒ CM-3; SA-11.,42
2042,Multiple failed logins from 10.0.5.12 to auth-service; account svc-app not locked after 5 attempts.,log,2025-09-15T11:06:00Z,AC-7;AU-6,Lockout threshold not enforced; correlated via audit review ⇒ AC-7; AU-6.,43
2043,S3 bucket finance-archive not encrypted at rest; KMS key reused across apps.,config,2025-09-15T11:09:00Z,SC-28;SC-12,At-rest encryption and key management gaps ⇒ SC-28; SC-12.,44
2044,NTP drift 62s on db-01; not synced to authoritative time source.,log,2025-09-15T11:12:00Z,AU-8,Clock drift jeopardizes timestamp integrity ⇒ AU-8.,45
2045,API gateway rate limiting disabled; prior DDoS impacted availability.,log,2025-09-15T11:15:00Z,SC-5;SC-7,DoS protection missing; boundary controls implicated ⇒ SC-5; SC-7.,46
2046,TLS disabled on api-gateway; HTTP allowed; weak ciphers TLS_RSA_WITH_3DES_EDE_CBC_SHA.,config,2025-09-15T11:18:00Z,SC-8;SC-13,Insecure transport and crypto configuration ⇒ SC-8; SC-13.,47
2047,Change deployed to prod without approval link; emergency process not documented.,ticket,2025-09-15T11:21:00Z,CM-3;SA-11,Change control and testing gaps ⇒ CM-3; SA-11.,48
2048,Multiple failed logins from 10.0.5.12 to auth-service; account svc-app not locked after 5 attempts.,log,2025-09-15T11:24:00Z,AC-7;AU-6,Lockout threshold not enforced; correlated via audit review ⇒ AC-7; AU-6.,49
2049,S3 bucket finance-archive not encrypted at rest; KMS key reused across apps.,config,2025-09-15T11:27:00Z,SC-28;SC-12,At-rest encryption and key management gaps ⇒ SC-28; SC-12.,50
2050,NTP drift 62s on db-01; not synced to authoritative time source.,log,2025-09-15T11:30:00Z,AU-8,Clock drift jeopardizes timestamp integrity ⇒ AU-8.,51
2051,API gateway rate limiting disabled; prior DDoS impacted availability.,log,2025-09-15T11:33:00Z,SC-5;SC-7,DoS protection missing; boundary controls implicated ⇒ SC-5; SC-7.,52
2052,TLS disabled on api-gateway; HTTP allowed; weak ciphers TLS_RSA_WITH_3DES_EDE_CBC_SHA.,config,2025-09-15T11:36:00Z,SC-8;SC-13,Insecure transport and crypto configuration ⇒ SC-8; SC-13.,53
2053,Change deployed to prod without approval link; emergency process not documented.,ticket,2025-09-15T11:39:00Z,CM-3;SA-11,Change control and testing gaps ⇒ CM-3; SA-11.,54
2054,Multiple failed logins from 10.0.5.12 to auth-service; account svc-app not locked after 5 attempts.,log,2025-09-15T11:42:00Z,AC-7;AU-6,Lockout threshold not enforced; correlated via audit review ⇒ AC-7; AU-6.,55
2055,S3 bucket finance-archive not encrypted at rest; KMS key reused across apps.,config,2025-09-15T11:45:00Z,SC-28;SC-12,At-rest encryption and key management gaps ⇒ SC-28; SC-12.,56
2056,NTP drift 62s on db-01; not synced to authoritative time source.,log,2025-09-15T11:48:00Z,AU-8,Clock drift jeopardizes timestamp integrity ⇒ AU-8.,57
2057,API gateway rate limiting disabled; prior DDoS impacted availability.,log,2025-09-15T11:51:00Z,SC-5;SC-7,DoS protection missing; boundary controls implicated ⇒ SC-5; SC-7.,58
2058,TLS disabled on api-gateway; HTTP allowed; weak ciphers TLS_RSA_WITH_3DES_EDE_CBC_SHA.,config,2025-09-15T11:54:00Z,SC-8;SC-13,Insecure transport and crypto configuration ⇒ SC-8; SC-13.,59
2059,Change deployed to prod without approval link; emergency process not documented.,ticket,2025-09-15T11:57:00Z,CM-3;SA-11,Change control and testing gaps ⇒ CM-3; SA-11.,60
2060,Multiple failed logins from 10.0.5.12 to auth-service; account svc-app not locked after 5 attempts.,log,2025-09-15T12:00:00Z,AC-7;AU-6,Lockout threshold not enforced; correlated via audit review ⇒ AC-7; AU-6.,61
2061,S3 bucket finance-archive not encrypted at rest; KMS key reused across apps.,config,2025-09-15T12:03:00Z,SC-28;SC-12,At-rest encryption and key management gaps ⇒ SC-28; SC-12.,62
2062,NTP drift 62s on db-01; not synced to authoritative time source.,log,2025-09-15T12:06:00Z,AU-8,Clock drift jeopardizes timestamp integrity ⇒ AU-8.,63
2063,API gateway rate limiting disabled; prior DDoS impacted availability.,log,2025-09-15T12:09:00Z,SC-5;SC-7,DoS protection missing; boundary controls implicated ⇒ SC-5; SC-7.,64
2064,TLS disabled on api-gateway; HTTP allowed; weak ciphers TLS_RSA_WITH_3DES_EDE_CBC_SHA.,config,2025-09-15T12:12:00Z,SC-8;SC-13,Insecure transport and crypto configuration ⇒ SC-8; SC-13.,65
2065,Change deployed to prod without approval link; emergency process not documented.,ticket,2025-09-15T12:15:00Z,CM-3;SA-11,Change control and testing gaps ⇒ CM-3; SA-11.,66
2066,Multiple failed logins from 10.0.5.12 to auth-service; account svc-app not locked after 5 attempts.,log,2025-09-15T12:18:00Z,AC-7;AU-6,Lockout threshold not enforced; correlated via audit review ⇒ AC-7; AU-6.,67
2067,S3 bucket finance-archive not encrypted at rest; KMS key reused across apps.,config,2025-09-15T12:21:00Z,SC-28;SC-12,At-rest encryption and key management gaps ⇒ SC-28; SC-12.,68
2068,NTP drift 62s on db-01; not synced to authoritative time source.,log,2025-09-15T12:24:00Z,AU-8,Clock drift jeopardizes timestamp integrity ⇒ AU-8.,69
2069,API gateway rate limiting disabled; prior DDoS impacted availability.,log,2025-09-15T12:27:00Z,SC-5;SC-7,DoS protection missing; boundary controls implicated ⇒ SC-5; SC-7.,70
2070,TLS disabled on api-gateway; HTTP allowed; weak ciphers TLS_RSA_WITH_3DES_EDE_CBC_SHA.,config,2025-09-15T12:30:00Z,SC-8;SC-13,Insecure transport and crypto configuration ⇒ SC-8; SC-13.,71
2071,Change deployed to prod without approval link; emergency process not documented.,ticket,2025-09-15T12:33:00Z,CM-3;SA-11,Change control and testing gaps ⇒ CM-3; SA-11.,72
2072,Multiple failed logins from 10.0.5.12 to auth-service; account svc-app not locked after 5 attempts.,log,2025-09-15T12:36:00Z,AC-7;AU-6,Lockout threshold not enforced; correlated via audit review ⇒ AC-7; AU-6.,73
2073,S3 bucket finance-archive not encrypted at rest; KMS key reused across apps.,config,2025-09-15T12:39:00Z,SC-28;SC-12,At-rest encryption and key management gaps ⇒ SC-28; SC-12.,74
2074,NTP drift 62s on db-01; not synced to authoritative time source.,log,2025-09-15T12:42:00Z,AU-8,Clock drift jeopardizes timestamp integrity ⇒ AU-8.,75
2075,API gateway rate limiting disabled; prior DDoS impacted availability.,log,2025-09-15T12:45:00Z,SC-5;SC-7,DoS protection missing; boundary controls implicated ⇒ SC-5; SC-7.,76
2076,TLS disabled on api-gateway; HTTP allowed; weak ciphers TLS_RSA_WITH_3DES_EDE_CBC_SHA.,config,2025-09-15T12:48:00Z,SC-8;SC-13,Insecure transport and crypto configuration ⇒ SC-8; SC-13.,77
2077,Change deployed to prod without approval link; emergency process not documented.,ticket,2025-09-15T12:51:00Z,CM-3;SA-11,Change control and testing gaps ⇒ CM-3; SA-11.,78
2078,Multiple failed logins from 10.0.5.12 to auth-service; account svc-app not locked after 5 attempts.,log,2025-09-15T12:54:00Z,AC-7;AU-6,Lockout threshold not enforced; correlated via audit review ⇒ AC-7; AU-6.,79
2079,S3 bucket finance-archive not encrypted at rest; KMS key reused across apps.,config,2025-09-15T12:57:00Z,SC-28;SC-12,At-rest encryption and key management gaps ⇒ SC-28; SC-12.,80
2080,NTP drift 62s on db-01; not synced to authoritative time source.,log,2025-09-15T13:00:00Z,AU-8,Clock drift jeopardizes timestamp integrity ⇒ AU-8.,81
2081,API gateway rate limiting disabled; prior DDoS impacted availability.,log,2025-09-15T13:03:00Z,SC-5;SC-7,DoS protection missing; boundary controls implicated ⇒ SC-5; SC-7.,82
2082,TLS disabled on api-gateway; HTTP allowed; weak ciphers TLS_RSA_WITH_3DES_EDE_CBC_SHA.,config,2025-09-15T13:06:00Z,SC-8;SC-13,Insecure transport and crypto configuration ⇒ SC-8; SC-13.,83
2083,Change deployed to prod without approval link; emergency process not documented.,ticket,2025-09-15T13:09:00Z,CM-3;SA-11,Change control and testing gaps ⇒ CM-3; SA-11.,84
2084,Multiple failed logins from 10.0.5.12 to auth-service; account svc-app not locked after 5 attempts.,log,2025-09-15T13:12:00Z,AC-7;AU-6,Lockout threshold not enforced; correlated via audit review ⇒ AC-7; AU-6.,85
2085,S3 bucket finance-archive not encrypted at rest; KMS key reused across apps.,config,2025-09-15T13:15:00Z,SC-28;SC-12,At-rest encryption and key management gaps ⇒ SC-28; SC-12.,86
2086,NTP drift 62s on db-01; not synced to authoritative time source.,log,2025-09-15T13:18:00Z,AU-8,Clock drift jeopardizes timestamp integrity ⇒ AU-8.,87
2087,API gateway rate limiting disabled; prior DDoS impacted availability.,log,2025-09-15T13:21:00Z,SC-5;SC-7,DoS protection missing; boundary controls implicated ⇒ SC-5; SC-7.,88
2088,TLS disabled on api-gateway; HTTP allowed; weak ciphers TLS_RSA_WITH_3DES_EDE_CBC_SHA.,config,2025-09-15T13:24:00Z,SC-8;SC-13,Insecure transport and crypto configuration ⇒ SC-8; SC-13.,89
2089,Change deployed to prod without approval link; emergency process not documented.,ticket,2025-09-15T13:27:00Z,CM-3;SA-11,Change control and testing gaps ⇒ CM-3; SA-11.,90
2090,Multiple failed logins from 10.0.5.12 to auth-service; account svc-app not locked after 5 attempts.,log,2025-09-15T13:30:00Z,AC-7;AU-6,Lockout threshold not enforced; correlated via audit review ⇒ AC-7; AU-6.,91
2091,S3 bucket finance-archive not encrypted at rest; KMS key reused across apps.,config,2025-09-15T13:33:00Z,SC-28;SC-12,At-rest encryption and key management gaps ⇒ SC-28; SC-12.,92
2092,NTP drift 62s on db-01; not synced to authoritative time source.,log,2025-09-15T13:36:00Z,AU-8,Clock drift jeopardizes timestamp integrity ⇒ AU-8.,93
2093,API gateway rate limiting disabled; prior DDoS impacted availability.,log,2025-09-15T13:39:00Z,SC-5;SC-7,DoS protection missing; boundary controls implicated ⇒ SC-5; SC-7.,94
2094,TLS disabled on api-gateway; HTTP allowed; weak ciphers TLS_RSA_WITH_3DES_EDE_CBC_SHA.,config,2025-09-15T13:42:00Z,SC-8;SC-13,Insecure transport and crypto configuration ⇒ SC-8; SC-13.,95
2095,Change deployed to prod without approval link; emergency process not documented.,ticket,2025-09-15T13:45:00Z,CM-3;SA-11,Change control and testing gaps ⇒ CM-3; SA-11.,96
2096,Multiple failed logins from 10.0.5.12 to auth-service; account svc-app not locked after 5 attempts.,log,2025-09-15T13:48:00Z,AC-7;AU-6,Lockout threshold not enforced; correlated via audit review ⇒ AC-7; AU-6.,97
2097,S3 bucket finance-archive not encrypted at rest; KMS key reused across apps.,config,2025-09-15T13:51:00Z,SC-28;SC-12,At-rest encryption and key management gaps ⇒ SC-28; SC-12.,98
2098,NTP drift 62s on db-01; not synced to authoritative time source.,log,2025-09-15T13:54:00Z,AU-8,Clock drift jeopardizes timestamp integrity ⇒ AU-8.,99
2099,API gateway rate limiting disabled; prior DDoS impacted availability.,log,2025-09-15T13:57:00Z,SC-5;SC-7,DoS protection missing; boundary controls implicated ⇒ SC-5; SC-7.,100
2100,TLS disabled on api-gateway; HTTP allowed; weak ciphers TLS_RSA_WITH_3DES_EDE_CBC_SHA.,config,2025-09-15T14:00:00Z,SC-8;SC-13,Insecure transport and crypto configuration ⇒ SC-8; SC-13.,101
2101,Change deployed to prod without approval link; emergency process not documented.,ticket,2025-09-15T14:03:00Z,CM-3;SA-11,Change control and testing gaps ⇒ CM-3; SA-11.,102
2102,Multiple failed logins from 10.0.5.12 to auth-service; account svc-app not locked after 5 attempts.,log,2025-09-15T14:06:00Z,AC-7;AU-6,Lockout threshold not enforced; correlated via audit review ⇒ AC-7; AU-6.,103
2103,S3 bucket finance-archive not encrypted at rest; KMS key reused across apps.,config,2025-09-15T14:09:00Z,SC-28;SC-12,At-rest encryption and key management gaps ⇒ SC-28; SC-12.,104
2104,NTP drift 62s on db-01; not synced to authoritative time source.,log,2025-09-15T14:12:00Z,AU-8,Clock drift jeopardizes timestamp integrity ⇒ AU-8.,105
2105,API gateway rate limiting disabled; prior DDoS impacted availability.,log,2025-09-15T14:15:00Z,SC-5;SC-7,DoS protection missing; boundary controls implicated ⇒ SC-5; SC-7.,106
2106,TLS disabled on api-gateway; HTTP allowed; weak ciphers TLS_RSA_WITH_3DES_EDE_CBC_SHA.,config,2025-09-15T14:18:00Z,SC-8;SC-13,Insecure transport and crypto configuration ⇒ SC-8; SC-13.,107
2107,Change deployed to prod without approval link; emergency process not documented.,ticket,2025-09-15T14:21:00Z,CM-3;SA-11,Change control and testing gaps ⇒ CM-3; SA-11.,108
2108,Multiple failed logins from 10.0.5.12 to auth-service; account svc-app not locked after 5 attempts.,log,2025-09-15T14:24:00Z,AC-7;AU-6,Lockout threshold not enforced; correlated via audit review ⇒ AC-7; AU-6.,109
2109,S3 bucket finance-archive not encrypted at rest; KMS key reused across apps.,config,2025-09-15T14:27:00Z,SC-28;SC-12,At-rest encryption and key management gaps ⇒ SC-28; SC-12.,110
2110,NTP drift 62s on db-01; not synced to authoritative time source.,log,2025-09-15T14:30:00Z,AU-8,Clock drift jeopardizes timestamp integrity ⇒ AU-8.,111
2111,API gateway rate limiting disabled; prior DDoS impacted availability.,log,2025-09-15T14:33:00Z,SC-5;SC-7,DoS protection missing; boundary controls implicated ⇒ SC-5; SC-7.,112
2112,TLS disabled on api-gateway; HTTP allowed; weak ciphers TLS_RSA_WITH_3DES_EDE_CBC_SHA.,config,2025-09-15T14:36:00Z,SC-8;SC-13,Insecure transport and crypto configuration ⇒ SC-8; SC-13.,113
2113,Change deployed to prod without approval link; emergency process not documented.,ticket,2025-09-15T14:39:00Z,CM-3;SA-11,Change control and testing gaps ⇒ CM-3; SA-11.,114
2114,Multiple failed logins from 10.0.5.12 to auth-service; account svc-app not locked after 5 attempts.,log,2025-09-15T14:42:00Z,AC-7;AU-6,Lockout threshold not enforced; correlated via audit review ⇒ AC-7; AU-6.,115
2115,S3 bucket finance-archive not encrypted at rest; KMS key reused across apps.,config,2025-09-15T14:45:00Z,SC-28;SC-12,At-rest encryption and key management gaps ⇒ SC-28; SC-12.,116
2116,NTP drift 62s on db-01; not synced to authoritative time source.,log,2025-09-15T14:48:00Z,AU-8,Clock drift jeopardizes timestamp integrity ⇒ AU-8.,117
2117,API gateway rate limiting disabled; prior DDoS impacted availability.,log,2025-09-15T14:51:00Z,SC-5;SC-7,DoS protection missing; boundary controls implicated ⇒ SC-5; SC-7.,118
2118,TLS disabled on api-gateway; HTTP allowed; weak ciphers TLS_RSA_WITH_3DES_EDE_CBC_SHA.,config,2025-09-15T14:54:00Z,SC-8;SC-13,Insecure transport and crypto configuration ⇒ SC-8; SC-13.,119
2119,Change deployed to prod without approval link; emergency process not documented.,ticket,2025-09-15T14:57:00Z,CM-3;SA-11,Change control and testing gaps ⇒ CM-3; SA-11.,120
2120,Multiple failed logins from 10.0.5.12 to auth-service; account svc-app not locked after 5 attempts.,log,2025-09-15T15:00:00Z,AC-7;AU-6,Lockout threshold not enforced; correlated via audit review ⇒ AC-7; AU-6.,121
2121,S3 bucket finance-archive not encrypted at rest; KMS key reused across apps.,config,2025-09-15T15:03:00Z,SC-28;SC-12,At-rest encryption and key management gaps ⇒ SC-28; SC-12.,122
2122,NTP drift 62s on db-01; not synced to authoritative time source.,log,2025-09-15T15:06:00Z,AU-8,Clock drift jeopardizes timestamp integrity ⇒ AU-8.,123
2123,API gateway rate limiting disabled; prior DDoS impacted availability.,log,2025-09-15T15:09:00Z,SC-5;SC-7,DoS protection missing; boundary controls implicated ⇒ SC-5; SC-7.,124
2124,TLS disabled on api-gateway; HTTP allowed; weak ciphers TLS_RSA_WITH_3DES_EDE_CBC_SHA.,config,2025-09-15T15:12:00Z,SC-8;SC-13,Insecure transport and crypto configuration ⇒ SC-8; SC-13.,125
2125,Change deployed to prod without approval link; emergency process not documented.,ticket,2025-09-15T15:15:00Z,CM-3;SA-11,Change control and testing gaps ⇒ CM-3; SA-11.,126
2126,Multiple failed logins from 10.0.5.12 to auth-service; account svc-app not locked after 5 attempts.,log,2025-09-15T15:18:00Z,AC-7;AU-6,Lockout threshold not enforced; correlated via audit review ⇒ AC-7; AU-6.,127
2127,S3 bucket finance-archive not encrypted at rest; KMS key reused across apps.,config,2025-09-15T15:21:00Z,SC-28;SC-12,At-rest encryption and key management gaps ⇒ SC-28; SC-12.,128
2128,NTP drift 62s on db-01; not synced to authoritative time source.,log,2025-09-15T15:24:00Z,AU-8,Clock drift jeopardizes timestamp integrity ⇒ AU-8.,129
2129,API gateway rate limiting disabled; prior DDoS impacted availability.,log,2025-09-15T15:27:00Z,SC-5;SC-7,DoS protection missing; boundary controls implicated ⇒ SC-5; SC-7.,130
2130,TLS disabled on api-gateway; HTTP allowed; weak ciphers TLS_RSA_WITH_3DES_EDE_CBC_SHA.,config,2025-09-15T15:30:00Z,SC-8;SC-13,Insecure transport and crypto configuration ⇒ SC-8; SC-13.,131
2131,Change deployed to prod without approval link; emergency process not documented.,ticket,2025-09-15T15:33:00Z,CM-3;SA-11,Change control and testing gaps ⇒ CM-3; SA-11.,132
2132,Multiple failed logins from 10.0.5.12 to auth-service; account svc-app not locked after 5 attempts.,log,2025-09-15T15:36:00Z,AC-7;AU-6,Lockout threshold not enforced; correlated via audit review ⇒ AC-7; AU-6.,133
2133,S3 bucket finance-archive not encrypted at rest; KMS key reused across apps.,config,2025-09-15T15:39:00Z,SC-28;SC-12,At-rest encryption and key management gaps ⇒ SC-28; SC-12.,134
2134,NTP drift 62s on db-01; not synced to authoritative time source.,log,2025-09-15T15:42:00Z,AU-8,Clock drift jeopardizes timestamp integrity ⇒ AU-8.,135
2135,API gateway rate limiting disabled; prior DDoS impacted availability.,log,2025-09-15T15:45:00Z,SC-5;SC-7,DoS protection missing; boundary controls implicated ⇒ SC-5; SC-7.,136
2136,TLS disabled on api-gateway; HTTP allowed; weak ciphers TLS_RSA_WITH_3DES_EDE_CBC_SHA.,config,2025-09-15T15:48:00Z,SC-8;SC-13,Insecure transport and crypto configuration ⇒ SC-8; SC-13.,137
2137,Change deployed to prod without approval link; emergency process not documented.,ticket,2025-09-15T15:51:00Z,CM-3;SA-11,Change control and testing gaps ⇒ CM-3; SA-11.,138
2138,Multiple failed logins from 10.0.5.12 to auth-service; account svc-app not locked after 5 attempts.,log,2025-09-15T15:54:00Z,AC-7;AU-6,Lockout threshold not enforced; correlated via audit review ⇒ AC-7; AU-6.,139
2139,S3 bucket finance-archive not encrypted at rest; KMS key reused across apps.,config,2025-09-15T15:57:00Z,SC-28;SC-12,At-rest encryption and key management gaps ⇒ SC-28; SC-12.,140
2140,NTP drift 62s on db-01; not synced to authoritative time source.,log,2025-09-15T16:00:00Z,AU-8,Clock drift jeopardizes timestamp integrity ⇒ AU-8.,141
2141,API gateway rate limiting disabled; prior DDoS impacted availability.,log,2025-09-15T16:03:00Z,SC-5;SC-7,DoS protection missing; boundary controls implicated ⇒ SC-5; SC-7.,142
2142,TLS disabled on api-gateway; HTTP allowed; weak ciphers TLS_RSA_WITH_3DES_EDE_CBC_SHA.,config,2025-09-15T16:06:00Z,SC-8;SC-13,Insecure transport and crypto configuration ⇒ SC-8; SC-13.,143
2143,Change deployed to prod without approval link; emergency process not documented.,ticket,2025-09-15T16:09:00Z,CM-3;SA-11,Change control and testing gaps ⇒ CM-3; SA-11.,144
2144,Multiple failed logins from 10.0.5.12 to auth-service; account svc-app not locked after 5 attempts.,log,2025-09-15T16:12:00Z,AC-7;AU-6,Lockout threshold not enforced; correlated via audit review ⇒ AC-7; AU-6.,145
2145,S3 bucket finance-archive not encrypted at rest; KMS key reused across apps.,config,2025-09-15T16:15:00Z,SC-28;SC-12,At-rest encryption and key management gaps ⇒ SC-28; SC-12.,146
2146,NTP drift 62s on db-01; not synced to authoritative time source.,log,2025-09-15T16:18:00Z,AU-8,Clock drift jeopardizes timestamp integrity ⇒ AU-8.,147
2147,API gateway rate limiting disabled; prior DDoS impacted availability.,log,2025-09-15T16:21:00Z,SC-5;SC-7,DoS protection missing; boundary controls implicated ⇒ SC-5; SC-7.,148
2148,TLS disabled on api-gateway; HTTP allowed; weak ciphers TLS_RSA_WITH_3DES_EDE_CBC_SHA.,config,2025-09-15T16:24:00Z,SC-8;SC-13,Insecure transport and crypto configuration ⇒ SC-8; SC-13.,149
2149,Change deployed to prod without approval link; emergency process not documented.,ticket,2025-09-15T16:27:00Z,CM-3;SA-11,Change control and testing gaps ⇒ CM-3; SA-11.,150
2150,Multiple failed logins from 10.0.5.12 to auth-service; account svc-app not locked after 5 attempts.,log,2025-09-15T16:30:00Z,AC-7;AU-6,Lockout threshold not enforced; correlated via audit review ⇒ AC-7; AU-6.,151
2151,S3 bucket finance-archive not encrypted at rest; KMS key reused across apps.,config,2025-09-15T16:33:00Z,SC-28;SC-12,At-rest encryption and key management gaps ⇒ SC-28; SC-12.,152
2152,NTP drift 62s on db-01; not synced to authoritative time source.,log,2025-09-15T16:36:00Z,AU-8,Clock drift jeopardizes timestamp integrity ⇒ AU-8.,153
2153,API gateway rate limiting disabled; prior DDoS impacted availability.,log,2025-09-15T16:39:00Z,SC-5;SC-7,DoS protection missing; boundary controls implicated ⇒ SC-5; SC-7.,154
2154,TLS disabled on api-gateway; HTTP allowed; weak ciphers TLS_RSA_WITH_3DES_EDE_CBC_SHA.,config,2025-09-15T16:42:00Z,SC-8;SC-13,Insecure transport and crypto configuration ⇒ SC-8; SC-13.,155
2155,Change deployed to prod without approval link; emergency process not documented.,ticket,2025-09-15T16:45:00Z,CM-3;SA-11,Change control and testing gaps ⇒ CM-3; SA-11.,156
2156,Multiple failed logins from 10.0.5.12 to auth-service; account svc-app not locked after 5 attempts.,log,2025-09-15T16:48:00Z,AC-7;AU-6,Lockout threshold not enforced; correlated via audit review ⇒ AC-7; AU-6.,157
2157,S3 bucket finance-archive not encrypted at rest; KMS key reused across apps.,config,2025-09-15T16:51:00Z,SC-28;SC-12,At-rest encryption and key management gaps ⇒ SC-28; SC-12.,158
2158,NTP drift 62s on db-01; not synced to authoritative time source.,log,2025-09-15T16:54:00Z,AU-8,Clock drift jeopardizes timestamp integrity ⇒ AU-8.,159
2159,API gateway rate limiting disabled; prior DDoS impacted availability.,log,2025-09-15T16:57:00Z,SC-5;SC-7,DoS protection missing; boundary controls implicated ⇒ SC-5; SC-7.,160
2160,TLS disabled on api-gateway; HTTP allowed; weak ciphers TLS_RSA_WITH_3DES_EDE_CBC_SHA.,config,2025-09-15T17:00:00Z,SC-8;SC-13,Insecure transport and crypto configuration ⇒ SC-8; SC-13.,161
2161,Change deployed to prod without approval link; emergency process not documented.,ticket,2025-09-15T17:03:00Z,CM-3;SA-11,Change control and testing gaps ⇒ CM-3; SA-11.,162
2162,Multiple failed logins from 10.0.5.12 to auth-service; account svc-app not locked after 5 attempts.,log,2025-09-15T17:06:00Z,AC-7;AU-6,Lockout threshold not enforced; correlated via audit review ⇒ AC-7; AU-6.,163
2163,S3 bucket finance-archive not encrypted at rest; KMS key reused across apps.,config,2025-09-15T17:09:00Z,SC-28;SC-12,At-rest encryption and key management gaps ⇒ SC-28; SC-12.,164
2164,NTP drift 62s on db-01; not synced to authoritative time source.,log,2025-09-15T17:12:00Z,AU-8,Clock drift jeopardizes timestamp integrity ⇒ AU-8.,165
2165,API gateway rate limiting disabled; prior DDoS impacted availability.,log,2025-09-15T17:15:00Z,SC-5;SC-7,DoS protection missing; boundary controls implicated ⇒ SC-5; SC-7.,166
2166,TLS disabled on api-gateway; HTTP allowed; weak ciphers TLS_RSA_WITH_3DES_EDE_CBC_SHA.,config,2025-09-15T17:18:00Z,SC-8;SC-13,Insecure transport and crypto configuration ⇒ SC-8; SC-13.,167
2167,Change deployed to prod without approval link; emergency process not documented.,ticket,2025-09-15T17:21:00Z,CM-3;SA-11,Change control and testing gaps ⇒ CM-3; SA-11.,168
2168,Multiple failed logins from 10.0.5.12 to auth-service; account svc-app not locked after 5 attempts.,log,2025-09-15T17:24:00Z,AC-7;AU-6,Lockout threshold not enforced; correlated via audit review ⇒ AC-7; AU-6.,169
2169,S3 bucket finance-archive not encrypted at rest; KMS key reused across apps.,config,2025-09-15T17:27:00Z,SC-28;SC-12,At-rest encryption and key management gaps ⇒ SC-28; SC-12.,170
2170,NTP drift 62s on db-01; not synced to authoritative time source.,log,2025-09-15T17:30:00Z,AU-8,Clock drift jeopardizes timestamp integrity ⇒ AU-8.,171
2171,API gateway rate limiting disabled; prior DDoS impacted availability.,log,2025-09-15T17:33:00Z,SC-5;SC-7,DoS protection missing; boundary controls implicated ⇒ SC-5; SC-7.,172
2172,TLS disabled on api-gateway; HTTP allowed; weak ciphers TLS_RSA_WITH_3DES_EDE_CBC_SHA.,config,2025-09-15T17:36:00Z,SC-8;SC-13,Insecure transport and crypto configuration ⇒ SC-8; SC-13.,173
2173,Change deployed to prod without approval link; emergency process not documented.,ticket,2025-09-15T17:39:00Z,CM-3;SA-11,Change control and testing gaps ⇒ CM-3; SA-11.,174
2174,Multiple failed logins from 10.0.5.12 to auth-service; account svc-app not locked after 5 attempts.,log,2025-09-15T17:42:00Z,AC-7;AU-6,Lockout threshold not enforced; correlated via audit review ⇒ AC-7; AU-6.,175
2175,S3 bucket finance-archive not encrypted at rest; KMS key reused across apps.,config,2025-09-15T17:45:00Z,SC-28;SC-12,At-rest encryption and key management gaps ⇒ SC-28; SC-12.,176
2176,NTP drift 62s on db-01; not synced to authoritative time source.,log,2025-09-15T17:48:00Z,AU-8,Clock drift jeopardizes timestamp integrity ⇒ AU-8.,177
2177,API gateway rate limiting disabled; prior DDoS impacted availability.,log,2025-09-15T17:51:00Z,SC-5;SC-7,DoS protection missing; boundary controls implicated ⇒ SC-5; SC-7.,178
2178,TLS disabled on api-gateway; HTTP allowed; weak ciphers TLS_RSA_WITH_3DES_EDE_CBC_SHA.,config,2025-09-15T17:54:00Z,SC-8;SC-13,Insecure transport and crypto configuration ⇒ SC-8; SC-13.,179
2179,Change deployed to prod without approval link; emergency process not documented.,ticket,2025-09-15T17:57:00Z,CM-3;SA-11,Change control and testing gaps ⇒ CM-3; SA-11.,180
2180,Multiple failed logins from 10.0.5.12 to auth-service; account svc-app not locked after 5 attempts.,log,2025-09-15T18:00:00Z,AC-7;AU-6,Lockout threshold not enforced; correlated via audit review ⇒ AC-7; AU-6.,181
2181,S3 bucket finance-archive not encrypted at rest; KMS key reused across apps.,config,2025-09-15T18:03:00Z,SC-28;SC-12,At-rest encryption and key management gaps ⇒ SC-28; SC-12.,182
2182,NTP drift 62s on db-01; not synced to authoritative time source.,log,2025-09-15T18:06:00Z,AU-8,Clock drift jeopardizes timestamp integrity ⇒ AU-8.,183
2183,API gateway rate limiting disabled; prior DDoS impacted availability.,log,2025-09-15T18:09:00Z,SC-5;SC-7,DoS protection missing; boundary controls implicated ⇒ SC-5; SC-7.,184
2184,TLS disabled on api-gateway; HTTP allowed; weak ciphers TLS_RSA_WITH_3DES_EDE_CBC_SHA.,config,2025-09-15T18:12:00Z,SC-8;SC-13,Insecure transport and crypto configuration ⇒ SC-8; SC-13.,185
2185,Change deployed to prod without approval link; emergency process not documented.,ticket,2025-09-15T18:15:00Z,CM-3;SA-11,Change control and testing gaps ⇒ CM-3; SA-11.,186
2186,Multiple failed logins from 10.0.5.12 to auth-service; account svc-app not locked after 5 attempts.,log,2025-09-15T18:18:00Z,AC-7;AU-6,Lockout threshold not enforced; correlated via audit review ⇒ AC-7; AU-6.,187
2187,S3 bucket finance-archive not encrypted at rest; KMS key reused across apps.,config,2025-09-15T18:21:00Z,SC-28;SC-12,At-rest encryption and key management gaps ⇒ SC-28; SC-12.,188
2188,NTP drift 62s on db-01; not synced to authoritative time source.,log,2025-09-15T18:24:00Z,AU-8,Clock drift jeopardizes timestamp integrity ⇒ AU-8.,189
2189,API gateway rate limiting disabled; prior DDoS impacted availability.,log,2025-09-15T18:27:00Z,SC-5;SC-7,DoS protection missing; boundary controls implicated ⇒ SC-5; SC-7.,190
2190,TLS disabled on api-gateway; HTTP allowed; weak ciphers TLS_RSA_WITH_3DES_EDE_CBC_SHA.,config,2025-09-15T18:30:00Z,SC-8;SC-13,Insecure transport and crypto configuration ⇒ SC-8; SC-13.,191
2191,Change deployed to prod without approval link; emergency process not documented.,ticket,2025-09-15T18:33:00Z,CM-3;SA-11,Change control and testing gaps ⇒ CM-3; SA-11.,192
2192,Multiple failed logins from 10.0.5.12 to auth-service; account svc-app not locked after 5 attempts.,log,2025-09-15T18:36:00Z,AC-7;AU-6,Lockout threshold not enforced; correlated via audit review ⇒ AC-7; AU-6.,193
2193,S3 bucket finance-archive not encrypted at rest; KMS key reused across apps.,config,2025-09-15T18:39:00Z,SC-28;SC-12,At-rest encryption and key management gaps ⇒ SC-28; SC-12.,194
2194,NTP drift 62s on db-01; not synced to authoritative time source.,log,2025-09-15T18:42:00Z,AU-8,Clock drift jeopardizes timestamp integrity ⇒ AU-8.,195
2195,API gateway rate limiting disabled; prior DDoS impacted availability.,log,2025-09-15T18:45:00Z,SC-5;SC-7,DoS protection missing; boundary controls implicated ⇒ SC-5; SC-7.,196
2196,TLS disabled on api-gateway; HTTP allowed; weak ciphers TLS_RSA_WITH_3DES_EDE_CBC_SHA.,config,2025-09-15T18:48:00Z,SC-8;SC-13,Insecure transport and crypto configuration ⇒ SC-8; SC-13.,197
2197,Change deployed to prod without approval link; emergency process not documented.,ticket,2025-09-15T18:51:00Z,CM-3;SA-11,Change control and testing gaps ⇒ CM-3; SA-11.,198
2198,Multiple failed logins from 10.0.5.12 to auth-service; account svc-app not locked after 5 attempts.,log,2025-09-15T18:54:00Z,AC-7;AU-6,Lockout threshold not enforced; correlated via audit review ⇒ AC-7; AU-6.,199
2199,S3 bucket finance-archive not encrypted at rest; KMS key reused across apps.,config,2025-09-15T18:57:00Z,SC-28;SC-12,At-rest encryption and key management gaps ⇒ SC-28; SC-12.,200
2200,NTP drift 62s on db-01; not synced to authoritative time source.,log,2025-09-15T19:00:00Z,AU-8,Clock drift jeopardizes timestamp integrity ⇒ AU-8.,201
2201,API gateway rate limiting disabled; prior DDoS impacted availability.,log,2025-09-15T19:03:00Z,SC-5;SC-7,DoS protection missing; boundary controls implicated ⇒ SC-5; SC-7.,202
2202,TLS disabled on api-gateway; HTTP allowed; weak ciphers TLS_RSA_WITH_3DES_EDE_CBC_SHA.,config,2025-09-15T19:06:00Z,SC-8;SC-13,Insecure transport and crypto configuration ⇒ SC-8; SC-13.,203
2203,Change deployed to prod without approval link; emergency process not documented.,ticket,2025-09-15T19:09:00Z,CM-3;SA-11,Change control and testing gaps ⇒ CM-3; SA-11.,204
2204,Multiple failed logins from 10.0.5.12 to auth-service; account svc-app not locked after 5 attempts.,log,2025-09-15T19:12:00Z,AC-7;AU-6,Lockout threshold not enforced; correlated via audit review ⇒ AC-7; AU-6.,205
2205,S3 bucket finance-archive not encrypted at rest; KMS key reused across apps.,config,2025-09-15T19:15:00Z,SC-28;SC-12,At-rest encryption and key management gaps ⇒ SC-28; SC-12.,206
2206,NTP drift 62s on db-01; not synced to authoritative time source.,log,2025-09-15T19:18:00Z,AU-8,Clock drift jeopardizes timestamp integrity ⇒ AU-8.,207
2207,API gateway rate limiting disabled; prior DDoS impacted availability.,log,2025-09-15T19:21:00Z,SC-5;SC-7,DoS protection missing; boundary controls implicated ⇒ SC-5; SC-7.,208
2208,TLS disabled on api-gateway; HTTP allowed; weak ciphers TLS_RSA_WITH_3DES_EDE_CBC_SHA.,config,2025-09-15T19:24:00Z,SC-8;SC-13,Insecure transport and crypto configuration ⇒ SC-8; SC-13.,209
2209,Change deployed to prod without approval link; emergency process not documented.,ticket,2025-09-15T19:27:00Z,CM-3;SA-11,Change control and testing gaps ⇒ CM-3; SA-11.,210
2210,Multiple failed logins from 10.0.5.12 to auth-service; account svc-app not locked after 5 attempts.,log,2025-09-15T19:30:00Z,AC-7;AU-6,Lockout threshold not enforced; correlated via audit review ⇒ AC-7; AU-6.,211
2211,S3 bucket finance-archive not encrypted at rest; KMS key reused across apps.,config,2025-09-15T19:33:00Z,SC-28;SC-12,At-rest encryption and key management gaps ⇒ SC-28; SC-12.,212
2212,NTP drift 62s on db-01; not synced to authoritative time source.,log,2025-09-15T19:36:00Z,AU-8,Clock drift jeopardizes timestamp integrity ⇒ AU-8.,213
2213,API gateway rate limiting disabled; prior DDoS impacted availability.,log,2025-09-15T19:39:00Z,SC-5;SC-7,DoS protection missing; boundary controls implicated ⇒ SC-5; SC-7.,214
2214,TLS disabled on api-gateway; HTTP allowed; weak ciphers TLS_RSA_WITH_3DES_EDE_CBC_SHA.,config,2025-09-15T19:42:00Z,SC-8;SC-13,Insecure transport and crypto configuration ⇒ SC-8; SC-13.,215
2215,Change deployed to prod without approval link; emergency process not documented.,ticket,2025-09-15T19:45:00Z,CM-3;SA-11,Change control and testing gaps ⇒ CM-3; SA-11.,216
2216,Multiple failed logins from 10.0.5.12 to auth-service; account svc-app not locked after 5 attempts.,log,2025-09-15T19:48:00Z,AC-7;AU-6,Lockout threshold not enforced; correlated via audit review ⇒ AC-7; AU-6.,217
2217,S3 bucket finance-archive not encrypted at rest; KMS key reused across apps.,config,2025-09-15T19:51:00Z,SC-28;SC-12,At-rest encryption and key management gaps ⇒ SC-28; SC-12.,218
2218,NTP drift 62s on db-01; not synced to authoritative time source.,log,2025-09-15T19:54:00Z,AU-8,Clock drift jeopardizes timestamp integrity ⇒ AU-8.,219
2219,API gateway rate limiting disabled; prior DDoS impacted availability.,log,2025-09-15T19:57:00Z,SC-5;SC-7,DoS protection missing; boundary controls implicated ⇒ SC-5; SC-7.,220
2220,TLS disabled on api-gateway; HTTP allowed; weak ciphers TLS_RSA_WITH_3DES_EDE_CBC_SHA.,config,2025-09-15T20:00:00Z,SC-8;SC-13,Insecure transport and crypto configuration ⇒ SC-8; SC-13.,221
2221,Change deployed to prod without approval link; emergency process not documented.,ticket,2025-09-15T20:03:00Z,CM-3;SA-11,Change control and testing gaps ⇒ CM-3; SA-11.,222
2222,Multiple failed logins from 10.0.5.12 to auth-service; account svc-app not locked after 5 attempts.,log,2025-09-15T20:06:00Z,AC-7;AU-6,Lockout threshold not enforced; correlated via audit review ⇒ AC-7; AU-6.,223
2223,S3 bucket finance-archive not encrypted at rest; KMS key reused across apps.,config,2025-09-15T20:09:00Z,SC-28;SC-12,At-rest encryption and key management gaps ⇒ SC-28; SC-12.,224
2224,NTP drift 62s on db-01; not synced to authoritative time source.,log,2025-09-15T20:12:00Z,AU-8,Clock drift jeopardizes timestamp integrity ⇒ AU-8.,225
2225,API gateway rate limiting disabled; prior DDoS impacted availability.,log,2025-09-15T20:15:00Z,SC-5;SC-7,DoS protection missing; boundary controls implicated ⇒ SC-5; SC-7.,226
2226,TLS disabled on api-gateway; HTTP allowed; weak ciphers TLS_RSA_WITH_3DES_EDE_CBC_SHA.,config,2025-09-15T20:18:00Z,SC-8;SC-13,Insecure transport and crypto configuration ⇒ SC-8; SC-13.,227
2227,Change deployed to prod without approval link; emergency process not documented.,ticket,2025-09-15T20:21:00Z,CM-3;SA-11,Change control and testing gaps ⇒ CM-3; SA-11.,228
2228,Multiple failed logins from 10.0.5.12 to auth-service; account svc-app not locked after 5 attempts.,log,2025-09-15T20:24:00Z,AC-7;AU-6,Lockout threshold not enforced; correlated via audit review ⇒ AC-7; AU-6.,229
2229,S3 bucket finance-archive not encrypted at rest; KMS key reused across apps.,config,2025-09-15T20:27:00Z,SC-28;SC-12,At-rest encryption and key management gaps ⇒ SC-28; SC-12.,230
2230,NTP drift 62s on db-01; not synced to authoritative time source.,log,2025-09-15T20:30:00Z,AU-8,Clock drift jeopardizes timestamp integrity ⇒ AU-8.,231
2231,API gateway rate limiting disabled; prior DDoS impacted availability.,log,2025-09-15T20:33:00Z,SC-5;SC-7,DoS protection missing; boundary controls implicated ⇒ SC-5; SC-7.,232
2232,TLS disabled on api-gateway; HTTP allowed; weak ciphers TLS_RSA_WITH_3DES_EDE_CBC_SHA.,config,2025-09-15T20:36:00Z,SC-8;SC-13,Insecure transport and crypto configuration ⇒ SC-8; SC-13.,233
2233,Change deployed to prod without approval link; emergency process not documented.,ticket,2025-09-15T20:39:00Z,CM-3;SA-11,Change control and testing gaps ⇒ CM-3; SA-11.,234
2234,Multiple failed logins from 10.0.5.12 to auth-service; account svc-app not locked after 5 attempts.,log,2025-09-15T20:42:00Z,AC-7;AU-6,Lockout threshold not enforced; correlated via audit review ⇒ AC-7; AU-6.,235
2235,S3 bucket finance-archive not encrypted at rest; KMS key reused across apps.,config,2025-09-15T20:45:00Z,SC-28;SC-12,At-rest encryption and key management gaps ⇒ SC-28; SC-12.,236
2236,NTP drift 62s on db-01; not synced to authoritative time source.,log,2025-09-15T20:48:00Z,AU-8,Clock drift jeopardizes timestamp integrity ⇒ AU-8.,237
2237,API gateway rate limiting disabled; prior DDoS impacted availability.,log,2025-09-15T20:51:00Z,SC-5;SC-7,DoS protection missing; boundary controls implicated ⇒ SC-5; SC-7.,238
2238,TLS disabled on api-gateway; HTTP allowed; weak ciphers TLS_RSA_WITH_3DES_EDE_CBC_SHA.,config,2025-09-15T20:54:00Z,SC-8;SC-13,Insecure transport and crypto configuration ⇒ SC-8; SC-13.,239
2239,Change deployed to prod without approval link; emergency process not documented.,ticket,2025-09-15T20:57:00Z,CM-3;SA-11,Change control and testing gaps ⇒ CM-3; SA-11.,240
2240,Multiple failed logins from 10.0.5.12 to auth-service; account svc-app not locked after 5 attempts.,log,2025-09-15T21:00:00Z,AC-7;AU-6,Lockout threshold not enforced; correlated via audit review ⇒ AC-7; AU-6.,241
2241,S3 bucket finance-archive not encrypted at rest; KMS key reused across apps.,config,2025-09-15T21:03:00Z,SC-28;SC-12,At-rest encryption and key management gaps ⇒ SC-28; SC-12.,242
2242,NTP drift 62s on db-01; not synced to authoritative time source.,log,2025-09-15T21:06:00Z,AU-8,Clock drift jeopardizes timestamp integrity ⇒ AU-8.,243
2243,API gateway rate limiting disabled; prior DDoS impacted availability.,log,2025-09-15T21:09:00Z,SC-5;SC-7,DoS protection missing; boundary controls implicated ⇒ SC-5; SC-7.,244
2244,TLS disabled on api-gateway; HTTP allowed; weak ciphers TLS_RSA_WITH_3DES_EDE_CBC_SHA.,config,2025-09-15T21:12:00Z,SC-8;SC-13,Insecure transport and crypto configuration ⇒ SC-8; SC-13.,245
2245,Change deployed to prod without approval link; emergency process not documented.,ticket,2025-09-15T21:15:00Z,CM-3;SA-11,Change control and testing gaps ⇒ CM-3; SA-11.,246
2246,Multiple failed logins from 10.0.5.12 to auth-service; account svc-app not locked after 5 attempts.,log,2025-09-15T21:18:00Z,AC-7;AU-6,Lockout threshold not enforced; correlated via audit review ⇒ AC-7; AU-6.,247
2247,S3 bucket finance-archive not encrypted at rest; KMS key reused across apps.,config,2025-09-15T21:21:00Z,SC-28;SC-12,At-rest encryption and key management gaps ⇒ SC-28; SC-12.,248
2248,NTP drift 62s on db-01; not synced to authoritative time source.,log,2025-09-15T21:24:00Z,AU-8,Clock drift jeopardizes timestamp integrity ⇒ AU-8.,249
2249,API gateway rate limiting disabled; prior DDoS impacted availability.,log,2025-09-15T21:27:00Z,SC-5;SC-7,DoS protection missing; boundary controls implicated ⇒ SC-5; SC-7.,250
